{
  "metadata": {
    "p": [0.5, 0.25],
    "u0": [0.99, 0.01, 0],
    "tspan": [0, 10000]
  },
  "model": {
    "name": "sir-ode-python",
    "modelVersion": "",
    "connectorVersion": ""
  },
  "t": [
    0,
    0.09284972135797114,
    1.0213469349376825,
    4.730308099259784,
    10.22867768926573,
    18.314252615167373,
    27.827530514766856,
    37.199522058929524,
    43.77195890487287,
    50.34439575081621,
    57.3485144317926,
    64.42717783070341,
    71.96730511161991,
    80.42082880780592,
    90.4035138669975,
    102.75262015167876
  ],
  "u": [
    [
      0.99,
      0.9895352372107644,
      0.9842749739892699,
      0.9474778577501857,
      0.8111285685695783,
      0.4692702181049498,
      0.2718634256070883,
      0.2237105381716237,
      0.213843871904752,
      0.21009771771198776,
      0.20861408640735243,
      0.20807773246099143,
      0.20788008766351446,
      0.20781024841779758,
      0.20778823424147266,
      0.2077826379984259
    ],
    [
      0.01,
      0.01022997899299957,
      0.012825206057771092,
      0.030572187075163206,
      0.08927463371474981,
      0.157367415842732,
      0.07055669501902456,
      0.02102231504920138,
      0.008321134019099737,
      0.003227693264236363,
      0.0011672397559951164,
      0.00041631242713505504,
      0.00013877920070742952,
      0.00004060493250070489,
      0.000009647686788822059,
      0.0000017771210413249886
    ],
    [
      0,
      0.00023478379623604633,
      0.0028998199529591093,
      0.021949955174651183,
      0.09959679771567201,
      0.3733623660523182,
      0.6575798793738872,
      0.755267146779175,
      0.7778349940761483,
      0.786674589023776,
      0.7902186738366526,
      0.7915059551118736,
      0.7919811331357782,
      0.7921491466497018,
      0.7922021180717386,
      0.7922155848805329
    ]
  ],
  "outputs": [0.7922155848805329, 0.15742164632511088, 18.119443842031835]
}
